Statement,Actual (y),Predicted (yÌ‚)
"YSRCP MP calls party govt in Andhra 'anti-Hindu', faces disqualification",1,1
Gory Video Of A Teenager Hacked To Death In Brazil Passed Off As India,0,0
Fact Check: Shanghai police drill video goes viral as shooting of three Uyghur Muslims,0,0
"India, China to hold military level talks on 12 October",1,1
Palghar girls to Sameet Thakkar case all Maharashtra govts tried to shut online dissent,0,1
"No, this photo does not show Indian politician Rahul Gandhi meeting a Pakistani intelligence agent in Dubai",0,0
Modi Degree Row: Right Wing Trolls Desperately Delete Old Tweets On Jitender Tomar,0,1
'Very Happy With My Current Job': Raghuram Rajan Busts Fake News Of...,0,0
UP: Mahapanchayat against 'love jihad' postponed,1,1
Fact Check: Photo of Dalit activist goes viral with misleading claim,0,0
Mehbooba Mufti's daughter moves SC seeking to amend plea against continued detention of her mother,1,1
Has Bengalurus Namma Metro Pillar 155 really got twisted? Whats the truth?,0,0
Indian Railways to start CBT for notified vacancies from 15th December,1,1
Fact Check: Old tampered video of Muharram goes viral with anti-RSS slogan,0,0
Separatist Geelani tipped for Pakistan's highest civil award within hours he spits venom against India,1,1
"Wealthy Indian didnt throw money in air in New York over Modi win, its a fake video",0,0
Mamata Banerjee becomes fake news target again as old post goes viral after BJP run-ins,0,1
BJP tweets old fake letter claiming Sonia Gandhi wanted to divide Hindus in Karnataka,0,0
Was Tricolor hoisted at Lal Chowk in Srinagar on the occasion of Indias 74th Independence Day? Know the truth,0,0
"No, these photos do not show Hindus being attacked by 'goons' working for an Indian state's chief minister",0,0
"This Is A Cartoon, Not The Fly-Past For Marshal Of The IAF Arjan Singh",0,0
Karnataka BJP strongly refutes reports about changing BS Yediyurappa as CM,1,1
"Did PM, FM Seek Out Manmohan Singh's Advice On The Economy?: Old Video ...",0,0
This couple belongs to the Hindu community and this incident is not related to Love-Jihad,0,0
Mata Amritanandamayi Devi 'Amma' wishes PM Modi on Raksha Bandhan,1,1
Congress Rajya Sabha MP Ahmed Patel tests positive for coronavirus,1,1
HoaXposed: Fake photograph of corrupt politicians being executed in China goes viral on WhatsApp,0,0
"Fact Check: Social distancing flouted in Hyderabad for Eid shopping? No, this video is from Pakistan",0,0
Did Rahul Gandhi call Sushant Singh Rajput a cricketer? Fact Check,0,0
"Fact check: No, Jio has not offered Rs 498 free recharge amid coronavirus lockdown",0,0
"10.87 crore household, 85,784 community toilets constructed in rural areas since 2014: Centre to Bombay HC",1,1
Parliament Session Day 9: Oppn boycotts Lok Sabha Rajya Sabha passes 7 key bills in three hours,1,1
"Terrorists in J-K hide in bunkers under toilet, seasonal streams to evade security forces",1,1
This 2018 video shows Bohra Muslims practicing dining etiquette in Mumbai,0,0
Jagan rushes to Delhi speculation rife YSRCP may join NDA Cabinet,1,1
From UPA Inviting A Taliban Leader In 2013 To A Viral Video From...,0,0
Fact Check: Image of Muslim youths studying Hindu holy books takes a communal turn,0,0
"No, this photo does not show the former president of the Indian National Congress Party Sonia Gandhi sitting on former Maldives President Maumoon Abdul Gayoom's lap",0,0
"Rahul Gandhi, Priyanka Gandhi have guts, courage to take on invincible duo of Modi, Shah: Digvijay Singh",1,1
Old Video Recycled As Cyclone Gaja And Other News You Almost Believed,0,0
'Want justice and only justice': Son of killed BDC chairman in Budgam,1,1
PM Modi holds 'Svanidhi Samvaad' with street vendors from Madhya Pradesh,1,1
Did Sadhgurus event spread coronavirus in Tamil Nadu?,0,0
Congress IT Cell Chief Revives Misleading Old Video On Modi's,0,1
Increase infrastructure spending to revive economy: Chidambaram,1,1
Photoshopped Picture Of Fake News Article On Times Now Resurfaces,0,0
"Even in 2019, greater vote share for NOTA in Reserved Constituencies",1,1
Posts about HIV-infected needle attacks in India are part of a long-running medical hoax,0,0
8 Oppn MPs suspended for 'unruly behaviour' in RS,1,1
'Possibility of sabotage can't be ruled out': Maharashtra minister on power outage,1,1
Did PM appeal not to buy Chinese crackers this Diwali? Fact check,0,0
There is a free media in India: MEA on Chinese embassy's Taiwan guidelines to journalists,1,1
"Citing ICMR, Coronavirus lockdown easing plan of Ireland goes viral as Indias Fact Check",0,0
"Sushant Singh case: ED seizes mobile phones, electronic gadgets of Rhea, kin, finds response 'unsatisfactory'",1,1
"Kerala: Denied timely treatment, Covid-recovered pregnant woman loses twin babies govt orders probe",1,1
Inter-state bus service may resume soon: Lockdown eats up 82 of expected revenue of HP Road Transport Corp,1,1
Work at Rajasthan HC suspended after staff test positive,1,1
Source of Income in Election affidavit  What did some of the prominent candidates in Karnataka mention?,1,0
Decline in NOTA share continues in Jharkhand Assembly Elections of 2019,1,1
"China in Russia military exercise, India opts out citing pandemic",1,1
Fact Check: PM Modis Madame Tussauds prep video linked to Tuesday speech,0,0
Statue of Periyar found smeared with saffron dye,1,1
"Odisha seeks Rs 1,100 crore central aid for flood damage",1,1
Delhi Jal Board extends bill waiver scheme by 3 months till Sept 30,1,1
New low-cost test can diagnose COVID-19 in just 20 minutes,1,1
Haryana Sports Minister Dons Pink Skirt To Cheer Indian Contingent In Olympics,0,1
India records over 60 lakh coronavirus cases recovery toll passes 50-lakh mark,1,1
"No, Modi govt is not trying to split Jammu and Kashmir into three parts",0,1
India claps at 5 PM on Sunday to ward off coronavirus? Fact check,0,0
"No, these are not photos of a boar left in an Indian mosque by Hindus in April 2019",0,0
"COVID-19: India's single-day spike drops to 55,342 as tally approaches 72 lakh",1,1
"Army readies for long winter haul as India, China hold 5th round of Corps Commander-level talks",1,1
"NEET, JEE Main 2020: Ministers of 6 opposition-ruled states move SC seeking review of 'cryptic' order",1,1
"Third Corps Commander-level meeting between India, China to resolve border dispute at LAC in Ladakh",1,1
Fact Check: This is not the bike accident video of Tamil actor Ajith Kumar,0,0
Does Priyanka Gandhi want India to become a Muslim country?,0,0
"PM to launch financing facility under Agriculture Infrastructure Fund, release benefits under PM-KISAN tomorrow",1,1
Fact Check: Image showing sea of saffron flags has no link with Ayodhya Bhoomi Pujan,0,0
"Rajasthan: Once employers, migrants now uncertain about going back, restarting businesses",1,1
2018 Image Of Dilip Ghosh On Hospital Bed Revived With Covid-19 Spin,0,1
"Banned for violating hate speech policy, BJP MLA Raja Singh claims not on Facebook since 2019",1,1
Kashmiri Policeman's Funeral Shared As Atrocities Towards Muslims In...,0,0
"Samajwadi Party holds panchayat to raise issue of spurious liquor, demands compensation to deceased's families",1,1
"Indian military amasses more men, material at border with China",1,1
Was Rajdeep Sardesai beaten up after interviewing Riya Chakraborty?,0,0
"Situation at India-China border 'very nasty', would love to get involved: US President Donald Trump",1,1
Delhi Cabinet approves doorstep delivery of ration scheme,1,1
"At 18, Telangana records highest positivity rate among health staff",1,1
"No, This Floating Traffic Signal Is Not From Mumbai",0,0
U'khand BJP MLA faces allegation of 'sexually exploiting' a woman,1,1
An old incident of police lathi charge from Unnao is being linked to a current event where it is being claimed that the Muzaffarnagar Police is committing atrocities on Maulana,0,0
Fake News Or Real News? Media With An Agenda,0,0
"Fact Check: Blood clot the main reason for Covid-19 death, claims conspiracy theory",0,0
"Is Modi govt launching a new Rs 1,000 note?",0,0
Explainer Video Electoral Bonds their Impact,1,0
"After AIADMK, DMK blows Tamil Nadu poll bugle, announces manifesto panel",1,1
"No, this is not a photo of an Indian National Congress supporter being humiliated for an anti-PM Modi remark",0,0
"This video shows Indian police conducting an anti-terror drill, police say",0,0
Punjab Police gets 108 social media accounts blocked,1,1
"No, this is not a video of cash seized at Indian politicians homes -- its an art installation",0,0
Copycat Tweets Hailing Demonetisation Emerge After RBI Report,0,0
"Floodwaters receding in Assam, claim one life death toll climbs to 39",1,1
Tricolour on iconic monuments worldwide on R-Day? Whats the fact?,0,0
Did people in Saudi Arabia protest against PM Modi?,0,0
Fact Check: Are sea turtles making beeline for Mumbai beach after cleanup?,0,0
Viral Building Collapse Video Claiming To Be From Mumbai Is Old,0,0
'PM at 45 by joining BJP?': Congress leader hits out at Sachin Pilot,1,1
Over 200 cases against lawmakers under special laws pending in different states: SC told,1,1
Did the Army Chief give a controversial statement? Fact Check!,0,0
Video Of BSF Jawan Breaking Down Over Land Grab Case Falsely Linked To ...,0,0
"With spike in Covid cases, Kerala issues prohibitory orders",1,1
Fact Check: Did Manmohan say Congress will pay heavily for protesting govts move on JK?,0,0
The image has been digitally manipulated from a photo of a Mahatma Gandhi statue,0,0
"Fertiliser scam: ED raids residence of Ashok Gehlot's brother, other places in Delhi, Rajasthan, Gujarat, Bengal",1,1
Atal tunnel expected to usher in development for Lahaul,1,1
"PM Modi to launch a 750 MW Solar Project set up at Rewa, Madhya Pradesh",1,1
Unrelated Picture Of Man Being Flogged Misidentified As Bhagat Singh,0,0
"No, this building is not a local office of the Indian National Congress party",0,0
Fact Check: Were Indian flags waved at a political rally in Pakistan?,0,0
Rajya Sabha passes FCRA Bill amid opposition boycott,1,1
DNA Special: Detailed analysis of Rahul Gandhi's claim of throwing Chinese Army out in 15 minutes,1,0
Viral Charlie Hebdo Cartoon On Shaheen Bagh Protestors Is Fake,0,0
"No, this is not a video of an elephant trampling a man to death in India",0,0
Video Of Effigy Burning Stunt Gone Wrong Revived With A False Claim,0,0
Fact Check: RPF constables death in accident linked to anti-CAA violence,0,0
This footage has been taken from a video game,0,0
Kerala Congress faction to keep away from UDF's no-trust motion,1,1
"With mandatory face masks, staggered seating arrangements, JEE exams begin today",1,1
Rahul Gandhi suggests future Harvard studies on 3 'failed policies' of PM Modi,1,1
Is Shah Rukh Khan starring as Tipu Sultan in a movie?,0,0
Fact Check: Is Dr. Saibal arrested again by Chhattisgarh Government?,0,0
"Farmers stage protests across country against new farm bills, stir set to intensify",1,1
Fact Check: This is a big lie about a little bird,0,0
Hoax: Old News Of Plastic In Snickers Chocolate Bar Resurfaces,0,0
Karan Johars Ae Dil Hai Mushkil Breaks All Records,0,1
The Curious case of NOTA vote in Reserved Constituencies,1,1
This 2016 video shows a remote-controlled toy aircraft performing stunts,0,0
"NCRB data: Higher share of Dalits, tribals, Muslims in prison than numbers outside",1,1
"Himachal Pradesh aims to grant Rs 2,000 crore loan to MSMEs for economic revival",1,1
"Facebook bans BJP leader T Raja Singh for violating policy on content promoting hate, violence",1,1
"No, this video does not show Hindu siblings who were assaulted by Muslim men after an attempted rape in India",0,0
COVID-19 Vaccine To Alter DNA? 5 False Claims By Christiane Northrup,0,0
"Forced by Covid spike, U'khand govt scraps decision to reopen schools from 21 Sept",1,1
"Fact Check: Before US presidents visit, a sensational Trump lookalike video goes viral",0,0
"Modi Accepts This Guy Is More Responsible For Congress Mukt Bharat, Praises Sonia",0,1
NOTA count more than the Margin of Victory in 21 constituencies of Bihar,1,1
"Chinese tourists holiday in Indian hotspot? No, theyre actually in Tibet",0,0
"Kerala: Over 100 cops test positive for Covid-19, CM blames Opposition protests",1,1
Hizbul trying to reestablish its base in North Kashmir: Army,1,1
BJP launches MutterMan to counter MufflerMan,0,1
"SC dismisses six non-BJP ruled states' plea to review decision on JEE, NEET exams",1,1
"Gujarat MP Abhay Bharadwaj put on artificial lung support, Paatil recovers from Covid",1,1
Fact Check: Who's this man putting his foot on a Hindu idol?,0,0
10 embarrassingly funny pictures of BJP protests they would regret,0,1
Notice to Uttarakhand MLA over 'tarnishing' govt's image,1,1
Kashmir's Hilal Ahmad Rather becomes first IAF pilot to fly Rafael jet,1,1
Heavy rainfall forecast in North Bengal areas,1,1
All you wanted to know about these 'sheros' of Jamia,0,0
"Fact Check: No, the man PM Modi is paying homage to is not Nathuram Godse",0,0
India crosses nine million COVID-19 tests,1,1
HoaXposed: National flag not hoisted at Red Fort post sunset because of the code,0,0
NCB should probe if Kangana had said she took drugs: BJP leader,1,1
Agriculture dept urges soyabean farmers to reuse produce as seeds for next season,1,1
Saligram Stone at Jagannath Temple has not been taken out Fact Check,0,0
Polls to 55 Rajya Sabha Seats: NDA may lose 4 to 5 seats while UPA may gain 3 seats,1,1
Fact Check: Is that an eagle clutching a shark in its claws?,0,0
"COVID-19 recovery cases more than active cases, improve further to 60",1,1
"Fact Check: Food in Parliament dirt cheap? No, these are old rates",0,0
"Centre violated law, used funds for GST compensation elsewhere: CAG",1,1
Rafale to the game: Resurrected 17 Squadron 'Golden Arrows' to form tip-of-the-spear of IAF's offensive power,1,1
Fact Check: Does this flower bloom every 36 years? Know the truth behind Nagapushpa,0,0
Warangal mockdrill hits headlines as terror attack Heres the truth,0,1
Andhra CM asks PM Modi for Bharat Ratna to SP Balasubramanyam,1,1
Haryana Assembly monsoon session lasts 168 minutes,1,1
Video Of Crowd Thrashing Drunk Constable Shared As BJP Supporters...,0,0
Tripura CMs claim that internet existed during Mahabharata failed our accuracy test 100,0,1
SNC-Lavalin graft case: Top court to hear CBI appeal against Pinarayi Vijayan's discharge,1,1
Viral Image Does Not Show Under-Construction Ram Temple In Ayodhya,0,0
"Frustrated With Kejriwal Ads, Aliens Threaten To Destroy Earth",0,1
Banned 59 Chinese apps told to strictly adhere to orders or face serious action: Govt,1,1
Karnataka BJP chief Nalin Kumar Kateel tests positive for coronavirus,1,1
Will join legal battle to free temples in Varanasi and Mathura: Akhara Parishad,1,1
Fact Check: Conspiracy theory claims Sushant was killed for a corona testing patent,0,0
No all-party meeting before monsoon session Business Advisory Committee to meet today,1,1
ISIS is not trying to hack your WhatsApp profile picture,0,0
The information about five children who ran away from their house is being spread as if they were kidnapped by a child-snatching gang.,0,0
Six Congress MLAs in Manipur quit Assembly,1,1
"Ghaziabad: Woman's body stuffed in suitcase misidentified, later found alive",1,1
"No, Amitabh Bachchan has not tested negative for COVID-19",0,0
Sushant's sister Priyanka 'groped' me: Rhea Chakraborty claims in her statement,1,1
Old Footage Of Assault On MP Doctor Shared Amidst Doctors' Strike In...,0,0
Fact Check: Viral map of India shows wrong bifurcation of JK,0,0
Social media abuzz over Kerala police version of 'George Floyd' attack,1,0
Fact Check: Tracing the quarantine facility where people are grooving to Lungi Dance,0,0
Misleading claim circulates online about New Zealand Prime Minister Jacinda Ardern's visit to Hindu temple,0,0
Niti Aayog seeks feedback on Data Empowerment and Protection Architecture draft,1,1
'India already seeing green shoots of economic recovery': PM Modi at India Global Week 2020,1,1
World Bank and Government of India sign 750 million agreement for Emergency Response Programme for MSMEs,1,1
Death Hoax: Social Media Posts Falsely Claim Kapil Dev Has Passed Away,0,0
11 killed as crane collapses at Hindustan Shipyard in Visakhapatnam many feared trapped,1,1
"No, these photos do not show campaigners for Indian political party Trinamool Congress fighting with police in West Bengal",0,0
"No, this is not a real photo of Pakistani Prime Minister Imran Khan having dinner with Indian Prime Minister Narendra Modi",0,0
Fact Check: US cartoonist Ben Garrison did not make this caricature on Indian media,0,0
Citizens with mild to medium form of colour blindness eligible to obtain Driving License: Govt,1,1
Indian Media Trolled For False Claims Of 'Civil War' In Pakistan,0,1
SC for relook at 2004 verdict on quota sub-classification,1,1
"India's coronavirus tally crosses 45-lakh mark records single-day surge in cases, fatalities",1,1
"Mahabharata lasted 18 days, COVID-19 has crossed 100 and still counting: Shiv Sena jibes at PM Modi",1,1
BSF trooper shoots himself in JK's Kupwara district,1,1
Fact Check: Is Indira Gandhi posing with her husband and father-in-law in this photo?,0,0
Delhi HC extends time granted for filing objections to draft EIA notification,1,1
This photo shows a yoga retreat in the southern Indian state of Kerala,0,0
"MP girl who cycled 24 km daily to pursue studies, scores 98.75 per cent marks in Class 10",1,1
"Supreme Court allows Prashant Bhushan, Arun Shourie and N Ram to withdraw contempt plea",1,1
Congress claims support of 109 MLAs as Sachin Pilot rebels,1,1
HoaXposed: Fake video claims that Modi didnt care while man was dying behind him on stage,0,0
"Pranab Mukherjee: Erudite politician, constitutional purist, Congress' troubleshooter",1,1
"Government Has Returned 15 Lakhs As Promised, You Just Dont Know About It",0,0
"No, This Is Not One Of The Accused In Bihar's Gulnaz Khatun Case",0,0
"No, this is not a photo of an Indian soldier injured in a Kashmir suicide bomb attack",0,0
Lt. Governor Sinha revamps system following complaints of officers not responding to grievances,1,1
"Testing on demand, rapid antigen tests for people living in containment zones: ICMR's new guidelines",1,1
Fact Check: Kumbh Mela buses passed off as migrant buses arranged by Priyanka Gandhi,0,0
"Fact Check: The corpse wears Prada? No, this is a spoof",0,0
"LIVE: India's cases per million among lowest, says health ministry",1,1
BJP MPs Uninstall Torrent Applications To Protest Against Anurag Kashyap,0,1
"Amid border row with China, India imposes restrictions on public procurement from its land neighbours",1,1
"No, this photo is not of a poor Indian child suffering from cancer",0,0
Fact Check: Did Kodiyeri Balakrishnan gave such a statement on the accusations made against Binoy Kodiyeri?,0,0
The information on Deposit Insurance Cover released by RBI in 2017 is currently being circulated as the latest information issued by the Bank,0,1
"Taking Cue From Bihar, Arvind Kejriwal Orders Topper Auction In Delhi",0,1
"No, these videos do not show Indian, Pakistani warplanes in Kashmir",0,0
India's Covid-19 cases approaches close to 64-lakh while death toll nears 1-lakh mark,1,1
Appoint a Nodal Officer to redress grievances of healthcare workers: Delhi HC,1,1
Election Commission extends polling time by 1-hour for Bihar Assembly elections,1,1
"No, this is not a photo of the first Muslim major general in the United States Air Force",0,0
"Fact Check: No, the woman in the viral photo is not Parle-G girl",0,0
"Astrosat completes 5 years of successful mission, has 'more scientific discoveries in store'",1,1
Footage of axe attack in Pakistan circulates as sectarian hoax in India after COVID-19 lockdown,0,0
This photo has circulated in reports about a road in the north Indian state of Bihar since 2017,0,0
Army starts permanent commission for women officers,1,1
"Former Indian cricketer Chetan Chauhan dies, was hospitalised after testing positive for Covid-19",1,1
Video Of Collection Of Mail-in Ballots Viral As Voter Fraud In...,0,0
Dont believe Dr Manisha Patils death rumor Here is the truth about the viral photo,0,0
"With 19,906 cases in 24 hours, India's COVID-19 tally crosses 5.28 lakh, death toll climbs to 16,095",1,1
"Did Kalraj Mishra say on stage, If I come down, Ill shoot you? Fact check",0,0
"Kiran Bedi Says She Is Ready To Be Bihar CM Candidate, Leaves BJP Nervous",0,1
"Fact check: No, Nirmala Sitharaman never said onion price rise doesnt matter to her",0,0
"Monsoon session: Oppn boycott on, Rajya Sabha passes 8 Bills in less than 4 hours",1,1
"No, this is not a photo of a temple in India dedicated to the Hindu god Shiva",0,0
"Pakistan issues Kashmir stamps, using fake image of Pandits protest",0,1
Rajasthan: Govt plans austerity measures in wake of revenue shortage,1,1
"3 dead after heavy rains lash Delhi for 3 hours several areas witness waterlogging, houses flooded",1,1
Fact Check: Know the truth behind viral video of passenger agitation at Delhi airport,0,0
Bihar DGP gives clarification on 'aukaat' remarks against Rhea Chakraborty,1,1
"NIA files chargesheet against JeM chief Masood Azhar, 19 others in Pulwama terror attack case",1,1
Bengaluru's Modi Masjid Named After PM Modi And Other News You Almost...,0,0
Shri Ram Janmabhoomi Teerth Kshetra Trust receives Rs 41 crore donations for construction of temple,1,1
Mahad Building collapse: 'Building started developing cracks three years after it was constructed',1,1
"Forwards of Hindu-Muslim violence in Bihars Bhagalpur are from old, unrelated incidents",0,1
"NIA nabs 9 Al-Qaeda terrorists from Kerala, Bengal were motivated to attack locations including Delhi",1,1
"No, this video does not show an Indian politician expressing support for Rohingya refugees",0,0
Fact Check: Aerial shot of huge region submerged in floodwater is not from Bihar,0,0
Photoshopped Image of Actress Nusrat Jahan Revived After TMC Announces ...,0,0
LAC crisis: India envoy holds talks with China's apex military body,1,1
How a Hindi newspaper backed by Gandhi ignited freedom struggle in Mauritius,1,1
"SC issues notice to Prashant Bhushan, Twitter on contemptuous tweets against judiciary",1,1
Rajya Sabha ruckus: Rajnath terms Oppn conduct 'shameful' Congress calls it 'anti-farmer day',1,1
"Did Pak MPs Chant 'Modi Modi' In Parliament? No, They're Chanting...",0,0
'Deeply concerned' by onion export ban: Bangladesh to India,1,1
"India's Coronavirus cases near 12-lakh mark, death toll rises to 28,732 recovery rate above 63",1,1
"Customs refuses to allow consignments to be sent abroad, exporters in a fix",1,1
Fact Check: Anti-lynching protest in Surat goes viral as vandalism in Mumbai,0,0
Starving Man Asks Politicians To Beat Him To Attract Sympathy,0,1
Gujarat: Paatil to visit Saurashtra from Aug 19,1,1
Corona floods: Bihar villagers reluctant to join poll process,1,1
This is a two-year old video that shows a teacher protest elsewhere in India,0,0
Govt proposes allowing cos with not less than 300 workers to fire staff without its nod,1,1
Union Minister Prakash Javadekar launches 247 channel 'Doordarshan Assam',1,1
Fact Check: Old picture of Kejriwal-Imran Khan meet linked to Delhi election,0,0
'We take allegations of bias seriously': Facebook responds to Congress' letter over hate speech,1,0
"In Delhi, Deputy US Secretary of State Stephen Biegun pitches for Pax Indo-Pacifica",1,1
"UNICEF partners with Maha govt, NGOs to provide Covid support",1,1
"No, this video does not show people dancing in London to a Hindi song during the 2019 Cricket World Cup",0,0
"Abrogation of Article 370 has changed relationship between J-K, New Delhi: Kashmir opposition parties",1,1
Photoshopped Image Of Narendra Modi And Other News You Almost Believed,0,0
'Parrikar Died Because He Allowed Beef In Goa': Fake Quote Attributed...,0,0
Is vaccine shortage behind delay in nation-wide Pulse Polio programme?,0,0
"Madhya Pradesh minister tests positive for Covid, fifth in Chouhan Cabinet",1,1
Civic body's objections ignored to push work to carve out illegal colony in Hoshiarpur,1,1
"To corner BJP, TMC to hit the streets over GST dues",1,1
Motor Vehicles Amendment Act 2019 penalties turn people violent? Fact Check,0,0
Cartoon character Shinchan's name appears in Bengal college merit list,1,1
The video of a professor from Kashmir University is being spread using the name of the granddaugher of Maharaja Hari Singh,0,0
Set Of Old Images Revived With 'Civil War In Karachi' Claims,0,1
Fact Check: This woman was not a doctor who died of coronavirus,0,0
2018 video went viral with a false claim that Indian Army is burning houses in Bandipura Kashmir,0,0
"Fact Check: This rickshaw-puller was a lockdown saviour, wasnt jailed for anti-CAA protests",0,0
Fact Check: Did communist government in Kerala impose a blackout on August 5?,0,0
Vadodara MP opposes making of building overlooking Pratap Vilas Palace,1,1
"Additional Chief Secretary, DGP reaches Hathras will submit report to CM upon returning",1,1
Special arrangements at Red Fort by Defence Ministry for 74th Independence Day,1,1
"Veteran activist, scholar Pushpa Bhave passes away",1,1
Nominations for Padma Awards-2021 open till September 15: MHA,1,1
"Senior UP cop claims Hathras woman was not raped, cites forensic report",1,1
"No, this is not a photo of a Muslim woman holding a placard in support of Indian Prime Minister Narendra Modi",0,0
"Medical equipment Purchase 'scam' Three-member inquiry panel eyewash, order judicial probe: Dhankhar",1,1
"As Congress reaches out to Dalits, Brahmins in UP, friction comes to the fore",1,1
Manmohan Singh: UPA was criticised for being selective on projects impacting wildlife,1,1
'Mind your own business': Punjab CM slams Kejriwal for demanding CBI probe into hooch tragedy,1,1
"Rhea Chakraborty's bail plea rejected, in judicial custody till Sept 22",1,1
It is not mandatory to have PUC certificate for a motor insurance claim,0,1
Was A Woman Tonsured For Making Anti-India Comments? A FactCheck,0,0
"My Intention Was Only To Get Laughs, Not To Spread Fake News: Kunal...",0,0
"Soon after PM Modi's announcement, Amit Shah chairs meeting of GoM over PMGKAY",1,1
Flood situation grim in Assam as death toll rises to 97 over 26 lakh people of 27 districts in distress,1,1
2014 Video Shared As Hindu Chants Recited At White House For Joe Biden,0,0
Image Of 'Justice For Sushant' Placards In Nigeria Is Fake,0,0
MP Governor Lalji Tandon passes away,1,1
Fact check: Nasimuddin Siddiqui targetted for a radical Muslim comment that he didn't make,0,0
Akali Dal's stand not in interest of farmers: Fadnavis,1,1
Mathura: Civil suit seeks removal of mosque from 'Krishna birthplace',1,1
PM Modi to address Grand Finale of Smart India Hackathon 2020 tomorrow,1,1
Actor Amit Shah Accuses Irrfan Khans Film Madari Of Stealing Real Madari Poster,0,1
Rahul Gandhi's Temple Visit Photo Viral With Misleading Context,0,0
"No, This Video Is Not Related To The Nice Church Attack",0,0
"No, Cristiano Ronaldo Did Not Donate Rs 77 Cr For Kerala Flood Relief",0,0
"Rahul Gandhi calls out Kamal Naths item remark, says its unfortunate",0,1
US military strategist Edward Luttwak praises PM Modi says China has only Pakistan at its side,1,1
"HC dismisses Sharjeel plea, says lockdown disrupted pace of probe",1,1
Fact Check: Viral claim of China killing 158 Indian jawans is a three-year-old fake,0,0
Unrelated Videos Falsely Shared As French Police Crackdown On Muslims,0,0
Photoshopped image of PM Modi wearing Muslim skull cap shared on social media,0,0
The screenshot of a viral tweet in the name of actor Javed Jaffrey is fake.,0,0
6-yr-old brutally raped in UP's Hapur remains critical all accused still at large,1,1
A Fake Sourav Ganguly Instagram Account Other News You Almost...,0,0
Experts in India refute misleading claim that China-made Holi festival goods are infected with coronavirus,0,0
The old pictures of the floods in Australia were being shared as if they are from current floods in Bihar.,0,0
Fact Check: The infant murdered in Aligarh was not raped reveals post mortem report.,0,0
"Fact Check: Nagma goofs up again, calls anti-govt activist Vajpayees niece",0,0
Parliamentary panel for indigenous applications for virtual courts,1,1
DRDO successfully flight tests hypersonic technology vehicle,1,1
Railways to operate 392 festival special trains from October 20 to November 30,1,1
Fact Check: This tragic story behind the creation of Subway Surfers is not true,0,0
Rs.2000 note banned from Dec 31? Fact check?,0,0
Fact Check: Statement of Dushyant Chautala supporting BJP is five years old,0,0
Fact Check: Did former top cop of Mumbai Ahmed Javed take Re 1 salary?,0,0
"LAC: As hopes recede, Army readies troops for winter deployment",1,1
BJP MP Vijay Goel uses wrong image on Art 370,0,1
Senior scientists question device that claims to kill coronavirus in closed spaces,1,1
Fact Check: AIIMS did not issue this misleading statement on corona symptoms,0,0
Gujarat: ATS arrests man accused of printing counterfeit currency,1,1
Fact Check: Soleimanis funeral procession passed off as anti-NRC protest in Delhi,0,0
Did the central government reject the Delhi Governments proposal to make Metro ride free for women?,0,0
AIADMK announces E Palaniswami as CM candidate for 2021 TN polls gets 11-member steering committee,1,1
Syed Ali Shah Geelani has dissociated himself from strike call in J-K: Police,1,1
"India, China hold talks on border flare-up",1,1
Covid-19: Election Commission to frame guidelines for polls within 3 days,1,1
Contempt power being used as a sledgehammer: Kapil Sibal in defence of Prashant Bhushan,1,1
Fact Check: Is this a photo of Mahatma Gandhi's assassination?,0,0
"Here Is Why People Left Rahul Gandhis Khat Pe Charcha Midway, With Khats On Their Heads",0,0
"Assam BJP trashes statement on CM candidate, praises Sonowal",1,1
"Haryana latest guidelines: Malls, shops to be shut on Mondays, Tuesdays, offices on weekends",1,1
"PM Modi addresses 'Grih Pravesham' event, interacts with beneficiaries under PMAY-G in MP",1,1
"Gujarat: State sees over 1,200 fresh cases 75k samples tested",1,1
Tracking BJPs 2014 Manifesto Promises: Health Services -1,1,1
Odisha govt announces 14-day complete lockdown in four districts to contain COVID-19,1,1
"Fact Check: No, Chowkidar Chor Hai slogans were not raised during PMs Bengal visit",0,0
'Last chance to come up with plan': SC gives two weeks to Centre in loan moratorium case,1,1
"Ahead of festive season, govt plans awareness campaign to contain Covid",1,1
JNU-Fee Hike Row: Morphed Image Of Shehla Rashid Revived,0,1
Fact Check: Netizens confuse 2 popular bloggers in emotional post on love,0,0
Photos From 2019 Maharashtra Polls Shared As EVMs 'Stolen' In Bihar,0,1
"Over 55,000 Coronavirus cases for first time in 24 hrs in India, tally crosses 16 lakh-mark deaths reach 35,747",1,1
Rajeev Chandrasekhar Deletes Misleading Video After Twitter Users Call ...,0,0
Viral Video Of Woman Beaten In Elevator Not From Delhi Metro,0,0
Union Finance Minister Nirmala Sitharaman today targeted Congress over party chief Sonia Gandhi's advice to party-ruled states to bypass the farm laws brought by Centre through legislative measures and said that the opposition party in its 2019 Lok Sabha manifesto had promised the Agricultural Produce Market Committees Act will be repealed.,1,1
Fact Check: Rumours of organ trade under the garb of Covid-19 go viral,0,0
"3 terrorists killed, 1 civilian injured in Jammu and Kashmir's Pulwama",0,1
Twin-jet Rafale combat aircraft likely to be delivered by July end: Reports,1,1
"Protests in Sopore over 'custody death', parties seek action",1,1
"Truck with over 25,000 kg pistachios robbed in Kutch",1,1
"Congress organisational reshuffle: Give some, take some, Sonia Gandhi leaves both sides 'satisfied'",1,1
Wrong claims linking BJP leader Shyam Prakash Dwivedi to the Hathras incident is going viral on social forums,0,0
Monsoon Session begins in LS with obituary references to 15 members,1,1
Fact Check: Truth behind disturbing video of girls molestation,0,0
"'A scholar par excellence, a towering statesman': PM Modi pays tribute to Pranab Mukherjee",1,1
"Babri Masjid case: Congress must apologise for its conspiracy now, says Yogi Adityanath",1,1
"Coronavirus India Updates, August 30: Record over 10.5 lakh tests in a day takes total past 4.14 crore",1,1
Fact Check: Pakistan's former ISI DG Hamid Gul's son tweets misleading video of Kashmir,0,0
Laxmi Vilas hotel case: Rajasthan HC stays arrest warrant against Arun Shourie,1,1
Fake News Dj Vu: Video Of Jilted Man Mistaken For A Terrorist Goes...,0,0
Video of Flooded Mexico Airport Peddled As Hyderabad,0,0
'Committed to support creators in India till interim ban in place': TikTok CEO,1,1
Daughters have right over parental property even if father died prior to amended 2005 Act: SC,1,1
A Dummys Guide to the Vice-Presidents Election,1,0
"India, China can achieve peace by common Buddhist culture: Dalai Lama",1,1
The 2-year-old video is being circulated in the context of the Motor Vehicle Act.,0,0
"No, this video does not show Indian trucks on a train because diesel prices have gone up",0,0
'Desist from inciting communal tensions': India slams Pak over Ram temple remarks,1,1
"Prashant Bhushan moves SC, seeks review of its Re 1 punishment",1,1
Fact Check: Old doctored video blaming Modi for Pulwama resurfaces as Pakistanis left red-faced on Kashmir,0,0
Rajasthan: Minor girl gang-raped in Barmer case registered,1,1
"Maharashtra: From 7,000 domestic violence cases in a year before Covid, tally dips to 883 in last 6 months",1,1
An Old video of Gurjjar protests in Jammu showcased as recent brutalities on Muslims by the Indian Police,0,0
Rafale fighter jet to be key highlight at IAF's 88th anniversary celebrations PM Modi extends greetings,1,1
Beware Of This Fake Site Promising Employees' Provident Fund Benefits,0,0
Rave party at Vagator: Sunburn Klassique co-promoter arrested,1,1
"'Chinese firm continue to be sponsors of IPL, while people told to boycott their products': Omar Abdullah",1,1
"Modi Asks People To Do Only Those Things Theyve Mastery, Triggers Massive Anarchy",0,1
"Two JJP MLAs join Haryana farmer protests, one says, 'ready to resign if people ask me to'",1,1
"India, China foreign ministers reach five-point consensus agree to disengage, de-escalate situation at LAC",1,1
"Bihar poll run-up: Amid RJD flood focus, JDU hopes Rs 960-cr relief will address anger",1,1
Yogi Adityanath government announces higher penalty for traffic violations,1,1
"BJP wins 15 seats in Ladakh Hill Council polls, Congress improves tally to 9",0,1
Why RJD-Congress wont bring up India-China dispute in Bihar campaign,0,1
"Is Mitron, new rival to Tik Tok, really an Indian made app? Fact Check",0,0
Police summon ex-DGP Saini to join probe in Balwant Multani case,1,1
"No, shes not Indian army jawan guarding Rajasthan as claimed",0,0
Manjhi quits Grand Alliance,1,1
"COVID-19: India posts highest-ever single day recoveries of 56,383 in a single day",1,1
Hoax circulates online that an old Indian textbook lists treatments for COVID-19,0,0
Video Of Lathi-charge On Hindu Jagran Manch Resurfaces As Attack On...,0,0
"8 dead in fire at Ahmedabad COVID-19 hospital PM Modi expresses grief, announces Rs 2 Lakh ex gratia",1,1
'Absolutely Rubbish': Pranab Mukherjee's Office On Fake Quote On...,0,0
Fact Check: Viral video of teargas shelling is not from Kashmir but Jakarta,0,0
Chilling Video Of A Man Electrocuted Atop A Train Is Not From Mumbai,0,0
Farmers' anger against Bills based on misunderstanding: Dushyant Chautala,1,1
"Fact Check: No, Akshay Kumar never said this about Nathuram Godse",0,0
Palghar lynching case: CID files chargesheet against 126 accused,1,1
Old Photo From 2010 Dantewada Attack Resurfaces As Pulwama,0,0
President Kovind's Twitter Account Did Not Add 3 Million Followers In...,0,0
"India Today, Aaj Tak show footage of Rafale jets instead of Mirage 2000",0,0
Did Ben Garrison Draw a Cartoon on the Sorry State of the Indian Media? Read the Truth,0,0
"15-year-old Dalit girl ends life after 'rape', police 'inaction' in Bundelkhand",1,1
Modi in old photo of Kannada actor Rajkumar with Indira Gandhi? Fact Check,0,0
PM Narendra Modi gets thumbs up in Bihar even as Nitish remains unpopular,1,1
Fact Check: Photo of boy sleeping between 2 graves goes viral again,0,0
Sushma Swaraj Wasnt Allowed To Tour Foreign Countries Because I Wanted Her To Help Indians Distressed Abroad: Modi,0,1
BJP visits Governor at Raj Bhavan to demand CBI probe in Manish murder case,1,1
Gautam Gambhir did not say: My commentary is more important than the pollution control meeting,0,0
'Raise grievances in party forums': Punjab Congress to its members,1,1
Odisha passes Bill for stricter penalty for Covid rules violation,1,1
Congress leader misquotes BJP leader in rally video to criticise partys violent mentality,0,1
This Renewable Energy Trick May Bring Lasting Peace To Kashmir,0,1
"No, this video does not show a Hindu boy being attacked because he flew a saffron flag from his house in West Bengal",0,0
Fact Check: Man attacked with ink and slippers has no relation to either BJP or CAA,0,0
"Delhi needs to be prepared for 15,000 Covid cases per day during winter season: Report",1,1
"Ayodhya Trust plans to build 1,200 temple pillars by next March, finish first floor by 2022",1,1
Fact Check: Video of man being thrashed goes viral with communal spin,0,0
Photo That Claims To Show 'Real Face' Of Jawaharlal Nehru Is...,0,0
Did 158 Indian soldiers die in an attack by the Chinese army recently?,0,0
"Hyd-Vijayawada flight ticket costs Rs.50000 to Rs.1 lakh Despite trolls, NTV was right",0,1
TN Dalit woman panchayat chief forced to sit on floor,1,1
Chhajju Halwai Applies For The Post Of Delhi CM,0,1
Video of Texas teen spitting in tea bottle is not related to Coronavirus,0,0
Did Kapil Sibal ever say he wont allow Ram Mandir in his lifetime?,0,0
GDP to contract 4.5 in current FY due to impact of coronavirus: Centre agrees with IMF's prediction,1,1
"No one shouted slogans to kill RSS members in viral Muharram video, audio is fake",0,0
"India reports 70,496 new cases, 964 deaths tally breaches 69 lakh-mark",1,1
Fact Vs Fiction: Cop Dies During Bharat Bandh Old Pics Go Viral,0,0
Mob beats murder accused to death in presence of police in Uttar Pradesh's Kushinagar,1,1
"Coronavirus August 29 Updates: No local lockdowns outside containment zones without consulting Centre, MHA tells states",1,1
Coronavirus India Highlights: Himachal Pradesh CM Jairam Thakur tests positive,1,1
"Famous Urdu poet Rahat Indori dies of heart attack, was admitted to hospital after testing Covid positive",1,1
Major rivers in Bihar flowing above danger mark 30 blocks across 8 districts affected by floods,1,1
"Google Fails To Translate MCA Degree To Sanskrit, HRD Summons",0,1
Gujarat: Manavadar to get a riverfront,1,1
Fact Check: BrahMos launch video shared with false claims of failure,0,0
"Hathras gangrape: Those who think of harming women's self respect will be destroyed, says Yogi",1,1
Fact Check: Girl in viral pic with Rahul Gandhi is not the face of Jamia protests,0,0
Fake Alert: Jama Masjid Did Not Issue A Fatwa Against Tanishq,0,0
Fact check: Clickbait Facebook post on Covid-19 urging for shares gone viral,0,0
International flight operations to and fro India to remain suspended till July 15: DGCA,1,1
Fact Check: Is this the rare Nagapushpa flower that blooms once every 36 years?,0,0
"Protests Against Farm Laws: Day after he asked farmers to burn PM's effigy, Chaduni booked for 'promoting enmity'",1,1
"Fact Check: No, Brahmins didn't cut off girl's tongue in UP to stop coronavirus",0,0
Pranab Mukherjee's death huge loss for Sino-India friendship: China,1,1
"Bihar elections 2020: Raghuvansh Prasad Singh quits RJD, emotional Lalu asks him to stay back in party",1,1
Haryana women panel to document 100 women achievers of the state,1,1
"Covid-19 vaccine candidates: Dr Reddy's, Bharat Biotech, Bio E told to revise proposals for human trials",1,1
Centre discusses plans to distribute Covid vaccine,1,1
Maharashtra: State rolls out app to assist women facing domestic violence during pandemic,1,1
"With 1,365 new Covid-19 cases, Gujarat tally crosses 1.12 lakh death toll at 3,222",1,1
"Facing dissent within, Sonia offers to quit, sets off chorus of support for herself, Rahul",1,1
"No, these are not photos of Indian soldiers after a deadly Kashmir suicide attack",0,0
"Days after 18 die in plane crash, DGCA bans wide-body aircraft at Kozhikode airport during monsoon",1,1
UP government approves UP-Start-up Policy 2020 to promote fledging units in state,1,1
"Covid19: India follows 'Test, Track, Treat strategy,' tests nearly 3.7 crore",1,1
Fact Check: Truth behind this tree carved in the shape of a giant hand,0,0
Ayush ministry launches raw drug repository for medicinal plant cultivation,1,1
Solicitor General turns down plea to allow contempt case against Swara Bhasker,1,1
Bihar elections: RJD first list names 42 candidates,1,1
"With nearly 50k new cases, India's Coronavirus tally crosses 14 lakh-mark, death toll at 32,771",1,1
"Indian Navy submarine chased away, claims Pakistan Fact Check",0,0
"No, this is not a video of communal violence in Indias Rajasthan",0,0
"Renewal of International driving licence to become easier, Centre mulls changes in Motor Vehicles rules 1989",1,1
"Crucial CWC meet today Sonia Gandhi set to quit as Congress chief, Rahul, Priyanka reluctant to accept post",1,1
Fact Check: News about man who battered his wifes feet with a baseball bat after mistaking her snake print stockings for real snake is false.,0,0
World Doctors Alliance Video Repeats Debunked COVID-19 Conspiracies,0,0
Mock drill video from Bhagalpur made viral on social media as video of a cop a infected with Coronavirus,0,0
'Heading for constitutional crisis': Speaker moves SC against Rajasthan HC's order giving breather to Pilot camp,1,1
Seven Indians kidnapped in Libya in September released,1,1
BJP veterans LK Advani and Murli Manohar Joshi will not be present when a court in Uttar Pradesh announces its judgment in the Babri mosque case tomorrow.,1,1
119 more mandis added to e-NAM portal in Rajasthan,1,1
"RBSE class 10 supplementary exams: Results declared, check rajeduboard.rajasthan.gov.in.",1,0
Fact Check: Did Bajrang Dal conduct arms training for kids in a school campus owned by a BJP MLA?,0,0
Was the objectionable poster that declares Prime Minister Narendra Modi as the dracula of kashmir put up in Aligarh Muslim University?,0,0
Lok Sabha passes taxation bill,1,1
"No, this not a photo of a Muslim politician from the Indian National Congress party harassing a Hindu woman",0,0
"West Bengal: Man arrested with firearm in BJP rally, controversy erupts over his turban being pulled out",1,1
Fact Check: Why were these bank employees being transferred to an ambulance?,0,0
Maharashtra govt issues guidelines for restaurants which are set to reopen,1,1
"Modi govts Char Dham project in Uttarakhand gets an African facelift, except its not real",0,1
Video From Meerut Shared As Man Killed In Delhi Over Headphones Row,0,0
Fact Check: Did this SFI worker fake injuries after violence at JNU?,0,0
Indian Railways upgradation plan: AC coaches to replace general and sleeper coaches in high-speed trains,1,1
The Truth Behind This Viral Video Claiming Hindu School Kids Are Being ...,0,0
Fact Check: Did Aamir Khan meet Pakistani terrorists? Here is the truth,0,0
This video belongs to Muharram Procession held in Gopalganj Bihar in 2014. A separate audio from a protest in 2017 has been added to this video,0,0
Morphed Photo Shared To Claim Chandrababu Naidu Has Joined YSRCP,0,0
"India scoffs at China's new excuse for Ladakh stand-off, cites 3 reasons",1,1
Are Political Parties Leasing Twitter Handle From Celebs?,0,0
Old 2016 Video From Kanpur Shared As Bihar Train Accident,0,0
Football Hooliganism Being Shared As Muslims Rioting Other News You...,0,0
Private players to have freedom to set fare for trains run by them: Reports,1,1
Fact Check: Women's Day picture from Maharashtra goes viral with misleading claim,0,0
Delhi HC says no to stay on broadcast of Sudarshan programme,1,1
BJP faction closer to RSS trying to take advantage of Bengaluru violence to topple BSY: Siddaramaiah,1,1
"No, this is not a video of the Pakistan national flag being waved at a victory procession for an Indian political party",0,0
Message Claiming Facebook Will Take Over Your Photos Is A Hoax,0,0
"13-year-old raped, strangled to death in UP police deny as father alleges her eyes gouged, tongue cut",1,1
From No MoU Signed For The Bullet Train To Aliens In Vizag: News You...,0,0
India protests Pakistan's move to construct dam in Pakistan-occupied Kashmir,1,1
Indian-origin physician wins award for COVID-19 work in UK,1,1
Delhi Youth Congress Peddles Old Assault Video From Kuala Lumpur As...,0,0
Fact Check: How a US warship pushed Navy Day into a whirlpool of controversies,0,0
"No, this is not a real photo of a 'tsunami' of supporters for Indian Prime Minister Narendra Modi",0,0
Wrong dead poet? Top Indian politician's condolence tweet has been doctored,0,0
"PM Modi inaugurates Kosi Rail Mahasetu, slew of rail projects for Bihar slams slow progress under UPA",1,1
"Priyanka Gandhi launches attack on Mayawati, calls her 'unannounced spokesperson' of BJP",1,1
"Amidst Shutdown Rumours, Lakshmi Vilas Bank Files Police Complaint",0,1
Amnesty International halts India operation after government freezes its bank accounts,1,1
Fact Check: Do not believe this hoax about microchip implant in coronavirus vaccine,0,0
"Defence Minister Rajnath Singh discusses bilateral ties, regional security with Iranian counterpart",1,1
"DMK lacks leadership, will split after 2021 TN assembly polls, Karunanidhis son Alagiri says",0,1
Is this lion roaming free in Mumbai?,0,0
Agra: Bus with 34 passengers on board hijacked by members of finance company,1,1
Baba Ramdev Launches Swadeshi Porn After Patanjali Maggi,0,1
"Fact Check: Aishe Ghosh's hand injury is not shifting, the photo is morphed.",0,0
"Union Minister Dharmendra Pradhan tests Covid positive, admitted to hospital",1,1
Kozhikode flight tried to land once before final skid on runway,1,1
Kangana tells CM Uddhav his 'ego will be crushed' HC frowns upon BMC's intention over demolition work,1,1
Student goes back on rape charge in court,1,1
Assam to close-down all state-run madrassas from November: Himanta Biswa Sarma,1,1
India was in dire need of National Education Policy for last 34 years: Amit Shah,1,1
Parliament panel 'discussion' with Facebook to continue: Shashi Tharoor,1,1
'Bengaluru has become epicentre of terror activities': BJP MP Tejasvi Surya,1,1
US report says China 'stepped up aggressive policy' towards India under Xi,1,1
"Man donates plasma six times, highest in Haryana",1,1
"Mumbai boy fights cerebral palsy, dyslexia and dysarthria to crack CAT-2019",1,1
"No, The Girl Yodeling In A TV Show Is Not Kishore Kumar's",0,0
"Ahead of polls, Bihar BJP's culture wing releases posters seeking 'justice for Sushant Singh Rajput'",1,1
Pettimudi underlines why Kerala is the Petri dish for climate change and reckless development,1,1
"Fact Check: No, Konkan Railway didnt cancel train services due to landslide",0,0
"In a first, Indian Railways loads special parcel train to Bangladesh",1,1
Leopard kills 7-year-old girl in Gujarat's Dahod district,1,1
Fact Check: Did China seek UN mediation on border face-off with India?,0,0
Protesting Assam women attacked by Indian Army soldier? Fact Check,0,0
Fact Check: Old video of street brawl linked to Eid celebrations,0,0
"In poll run-up, echoes of Bihar in Lok Sabha",1,1
Video Of Protests In Spain Over COVID-19 Restrictions Peddled As,0,0
Fact Check: Image from 2016 Cauvery riots falsely circulated as that from recent Bengaluru violence,0,0
Fact Check: Truth behind video showing two men being thrashed in an office chamber,0,0
Fact Check: Did BJP MP from Kerala conduct his mother's funeral without revealing she died of Covid-19?,0,0
"After multiple setbacks, Ashok Gehlot Cabinet discusses Guv's 6 points on Assembly session at late-night meet",1,1
"Karnataka police seize 6,000 marijuana plants",1,1
"Babri Masjid case verdict: Special judge presided over trial since 2015, got 3 extensions",1,1
Government lost golden months in addressing coronavirus pandemic: Ghulam Nabi Azad in Parliament,1,1
EC issues revised guidelines for upcoming polls limits number of star campaigners,1,1
This rendition of the Indian national anthem was produced in August 2017 to mark Indias 71st Independence Day,0,1
Fact Check: Did Kerala gold smuggling case accused threaten to expose ministers?,0,0
"No, WHO did not list out these brain damaging habits Fact Check",0,0
Tablighi Jamaat event 'also' led to spread of virus among 'many persons': Government in Parliament,1,1
This photo does not show Indias national flag being burned in India  it's a 2015 Associated Press photo taken in Pakistan,0,0
Farmers to consider Capt Amarinder Singh's appeal for easing 'rail roko',1,1
"Heavy rain lashes Delhi-NCR waterlogging, traffic jams at several areas",1,1
Kerala Lottery Today Results announced: First prize is Rs 75 lakh!,1,1
The footage of Syed Ali Shah Geelani is actually from April 2018,0,0
Photos of Indian actress posing with a Pakistani flag on a film set have been shared without context,0,0
SWAMITVA scheme: PM Modi launches physical distribution of property cards 6 things to know,1,1
"3,648 new Covid cases take K'taka Covid tally over 67K",1,1
Fake News Nataka in Karnataka: News You Almost Believed,0,0
Fact Check: This viral audio clip on coronavirus is not Dr Devi Shetty's,0,0
46 Covid deaths reported in Punjab,1,1
"No, this video does not show the severed head of a man accused of rape in India",0,0
JK: Two LeT militants killed in gunfight at Anantnag 4 villagers injured in blast at site,1,1
Swami Agnivesh's body to be kept for final tributes by the public,1,1
Fact Check: Did Bipin Rawat seek Army chiefs dismissal over Ladakh crisis?,0,0
"Nitin Gadkari lays foundation stone for 13 highway projects, inaugurates road safety project in Manipur",1,1
Jitan Ram Manjhi meets Nitish Kumar amid speculations of return to NDA,1,1
"After Amit Shah, Karnataka CM BS Yediyurappa tests positive for Coronavirus, hospitalised",1,1
Is this how Chinese police is catching coronavirus patients?,0,0
Pictures Panch Tattva celebrations held in 2019 in Russia spread as deities quarantined in India,0,1
"India's Covid tally passes 68-lakh mark, recoveries cross 58-lakh mark",1,1
"Bihar elections: Stand firmly with Chirag's decisions, says Ram Vilas Paswan",1,1
Fact Check: Are coronavirus tests most expensive in India?,0,0
Fact Check: It's too early to predict a bubonic plague epidemic,0,0
"No, A Woman Did Not Give Birth To 17 Babies In The Same Pregnancy",0,0
Mock Drill At Amba Devi Temple In Maharashtra Passed Off As Army...,0,0
Interview: Haryana BKU Chief 'Dushyant Chautala should snap ties with ally BJP',1,0
WhatsApp Audio Clip Claiming India Will Go Into A Lockdown is FAKE !,0,0
"17-year-old girl raped, mutilated body found near dried-up pond 2nd case from UP district in 10 days",1,1
All you need to know about high-security registration plate and colour-coded stickers,1,0
"Punjab Cabinet nod for reformation of Vigilance Commission, 13 years after it was scrapped",1,1
The picture of a mentally ill woman is being circulated on social media labeled as being a picture of a child thief.,0,0
Uttar Pradesh: Vindhyachal temple in Mirzapur district reopens after 100 days,1,1
"Negligence, improper storage design led to disaster: Committee submits report on LG Polymer gas leak incident",1,1
Both the BJP Congress submit details of Electoral Bond donors after the Supreme Courts due date?,1,1
"Fake Quote Claims Shabana Azmi Said, 'If Modi Wins This Time I'll...",0,0
"What do alphabets E, S, Q, R, M on the Electoral Roll indicate?",1,0
"No, WikiLeaks Has Not Issued Names Of Indians With Black Money In...",0,0
A message to TMC rebels? Bengal CM Mamata Banerjee to hold mega rally in West Midnapore today,0,1
Fact Check: This is not Netaji Subhash Chandra Boses wife Emilie Schenkl,0,0
"No, Forbes Did Not Name Rahul Gandhi On A 'Most Educated Leaders' List",0,0
"Baba Ramdev doesnt find Indian style toilets in London, blames it on Sonia Gandhi",0,0
"Aarey metro car shed relocated to Kanjurmarg, land to be available free of cost: Uddhav Thackeray",1,1
"No, This Video Of A Drunk Man Dancing Is Not BJP MP Sudhanshu Trivedi",0,0
Villages of Arunachal Pradesh along the McMahon line are not getting vacated!,0,1
Singer SP Balasubrahmanyam passes away in Chennai hospital was admitted after testing positive for Covid,1,1
Four held for stealing 31 motorbikes in Rajkot,1,1
"No, Tagore Did Not Tweak Bose's Version Of The 'National Anthem'",0,0
Bihar Assembly elections: BJP expels nine rebels for contesting elections against NDA candidates,1,1
Attorney General dismisses contempt plea against Swara Bhasker for her remarks on SC's Ayodhya verdict,1,1
"UP BJP leader shot dead during morning walk, CM Yogi Adityanath orders probe",1,1
Priyanka Gandhi's Morphed Photo On An Old Ganga Image Viral With False ...,0,0
Fact Check: Viral video of Pope kissing feet of people has no relation to coronavirus,0,0
"India Coronavirus Updates, 16 August: Recovery rate at 71.9 devotees throng Vaishno Devi shrine",1,1
"Jignesh, JNU brigade assaulted in Begusarai? Fact check",0,0
Fact Check: This viral advisory on coronavirus has not been issued by the health ministry,0,0
Only Half the State parties submitted their audit contribution reports till date,1,1
This photo has circulated in reports since 2012 about an Indian Army banner in Ladakh,0,0
Does Rajkot Bus Stand Look Like A Swanky Airport?: A FactCheck,0,0
"Modis trip is not Indias first, many seaplane services took off in the past",0,1
"'Black day, black decision': Mehbooba Mufti tweets message after her release",1,0
"No, this is not a real photo of Indian opposition politicians waiting to meet Pakistan Prime Minister Imran Khan",0,0
More than 50 of the Income of National Parties in 2017-18 from Unknown Sources,1,1
"This is an old video of 2007 Gumda Bridge in Odisha. It is being circulated on social media that this video is about the demolition of the Takli Bridge, located on Bijapur-Solapur Highway.",0,0
Video showing rioting Muslims in West Bengal is actually from Bangladesh,0,0
AAP to restructure its Delhi unit at various levels: Gopal Rai,1,1
Are These East India Company Coins With Indian Gods Real?: A FactCheck,0,0
"No, this is not a video of the Indian Kashmir attack on February 14, 2019",0,0
Bihar Assembly elections to be held in three phases beginning on October 28 results on November 10,1,1
Man Who Slapped Hardik Patel Is Not An Aide Of Rahul Gandhi,0,0
This video shows a mock funeral procession during an anti-citizenship law protest in India in 2019,0,0
"No, this is not a video of Islamic terrorism in India",0,0
"Babri Masjid demolition: Advani, Joshi and Uma among all 32 cleared, court says no evidence",1,1
Is a Hindu woman being tortured in West-Bengal? Fact Check!,0,0
"No, this is not a genuine photo of Pakistani cricket players being frisked ahead of a match against India",0,0
Pak media share old house arrest video of Geelani as recent one,0,1
Wibs bread shut down after worker tests positive? Fact Check,0,0
100 patients break out of COVID care center in Assam,1,1
"Rahul Gandhi man of 'foreign mentality', should learn nationalism from nationalists: BJP MLA",1,1
Nizamuddin congregation takes a different twist as that of terrorists Fact Check,0,0
"PM Modi holds meeting with CMs of six states review preparedness to deal with S-W monsoon, flood situation",1,1
Fact Check: Netizens fall for parody account of Macron congratulating India on Rafale,0,0
Murshidabad Triple Murders: Image Of Prime Accused's Kin Viral With...,0,0
Modi to celebrate Karva Chauth with journalists from next year,0,1
Image From 2017 IAF Chopper Crash Passed Off As Recent Gadchiroli...,0,0
Will join farmers' protest outside Dushyant Chautala's house: Yogendra Yadav,1,1
"No, this video does not show police in Delhi blocking an ambulance to make way for the motorcade of Indias opposition party chief",0,0
"Did Mithun Chakraborty adopt a child, which he found in the dustbin? Fact Check!",0,0
Picture of CBI officer arrested in Delhi is being spread as DSP arrested in Kashmir Know the truth,0,0
'Farm Bills revolutionary Cong misleading farmers',1,1
"At the helm of protests in Punjab: A farmer's daughter, a security guard's daughter, a class IX dropout",1,1
"Theatre maestro Ebrahim Alkazi, first Director of National School of Drama, passes away",1,1
Fact Check: Is this Amit Shah touching the feet of Swami Nithyananda?,0,0
Fact Check: Viral photo of bling funeral is not of Kuwait's richest man,0,0
Fact Check: Did PM Modi send his chopper to ferry Dera chief Ram Rahim?,0,0
"5 yrs after IAS officer's death, Cong springs a surprise, fields wife in Karnataka bypoll",1,1
Chhattisgarh Police exhume girl's body months after her 'gangrape',1,1
Candid Arvind Kejriwal Video Revived With Misleading Context,0,0
"No, Sachin Tendulkar Did Not Say This About Prophet Mohammed",0,0
"Arvind Kejriwal demands CBI probe into Punjab hooch tragedy, death toll reaches 84",1,1
Fact Check: Is this boy kissing a girl publicly Sakshi Mishra's brother?,0,0
"Seated atop tractor, Navjot Singh Sidhu leads protest march against agri Bills",1,1
"No, This Is Not 'Naxal Bhabhi' Photographed With Bhim Army Chief",0,0
Defence Ministry gives clarification on allegation of PM Modi's visit to Leh Hospital as 'orchestrated',1,1
Telangana Police on alert as Maoists attempt to reestablish base,1,1
MOH has not issued Office Memo stating compulsory holiday in 4 states due to COVID-19,0,1
Fact Check: Do not click on this dubious web link to claim GST refund,0,0
"The incident of 2016 Akhnoor city in Jammu is being showcased and spread as a current incident by the nephew of Keshav Maurya, Deputy Chief Minister of Uttar Pradesh",0,1
"Fact Check: No, protesters didnt storm the White House against George Floyds death",0,0
French ambassador says country to announce exceptional package for India to fight COVID-19,1,1
"Pranab Mukherjee's health remains critical, still on ventilator support: Hospital",1,1
FactCheck Alert: From Yellow Line Rule That Lets You Avoid Toll To...,0,0
Did Rana Ayyub gave a controversial statement in favour of child rapists? Fact Check!,0,0
3 members of a family killed in Pakistani shelling,1,1
"No, This Is Not Gurmehar Kaur Dancing On The Campaign Trail In...",0,0
Two Unrelated Videos Were Shared Together To Falsely Claim Muslims...,0,0
"No, 21 Sikh regiment did not refuse to fight for India, and Republic TV never reported it",0,0
"No let up in Assam, Bihar flood fury nearly 37 lakh people affected",1,1
Fact Check: This video has nothing to do with anti-CAA stir in Uttar Pradesh,0,0
"India Against Corruption movement, AAP propped by RSS-BJP to bring down UPA govt: Rahul",1,1
Video Of Nirmala Sitharaman Touch The Feet Of Slain Jawan's Mother...,0,0
"No, this is not a video of a mob destroying voting machines in Indias 2019 election",0,0
Fact Check: This kidnapping drama is not what it seems,0,0
"No, this video does not show an Indian National Congress politicians trousers falling down while he gives a speech",0,0
Fact Check: Viral video of beggar pretending to be disabled is not from India but Pakistan,0,0
"No, These Pics Don't Show Sweets Being Dumped By RJD's Patna Office",0,0
Delhi: Doctors remove 50 kg ovarian tumour from 52-year-old woman in 3.5 hours,1,1
"Fact Check: Did Ivanka cite Bihar girl who cycled 1,200 kms to hit out at critics?",0,0
Fact Check: Netizens fight over this stunning waterfall. Heres the truth,0,0
Central Government constitutes National Council for Transgender Persons,1,1
"Fact Check: No, ICMR hasnt prescribed this drug to prevent Covid-19",0,0
New hoax circulates online that India has outlawed social media posts about COVID-19,0,0
Indian Navy sets up Naval Innovation and Indigenisation Organisation,1,1
"AAP Team Gatecrashes Into Cong-BJP Kabaddi Match, Melee Ensues",0,1
Ancient Indians most likely did not predict the arrival of bicycle,0,0
Zomato employees burn t-shirts to mark protest against Chinese investment in firm,1,1
"Haryana says changes made in procurement process for ease of farmers, millers",1,1
"During surprise visit to Ladakh, PM Modi tells China ""era of expansionism is over",1,1
"Lakhimpur Kheri: Ex-MLA dies during clash two arrested, CO removed",1,1
Fact Check: Viral video showing cattle being washed away in floodwaters is not from Kerala's Wayanad,0,0
"Civilian injured in Pakistan shelling, succumbs to his injuries in J-K's Poonch district",1,1
"CRPF jawan, civilian killed after terrorists attack patrol party in J-K's Sopore 2 soldiers critical",1,1
This photo actually shows a child at an International Womens Day event in India,0,0
Quite hurt with the kind of words used against me: Sachin Pilot,1,0
"Did Multiple BJP Candidates Get Identical Votes of 2,11,820?",0,0
"India records single-day spike of 49,310 Coronavirus cases, tally nears 13 lakh",1,1
Nayak Movie Banned Because Amrish Puris Accomplice Looks Similar To Amit Shah,0,1
"No, This Is Not One Of The Sri Lankan Suicide Bombers Pictured With...",0,0
'Lord Ram's teachings should become symbol of national unity': Priyanka Gandhi welcomes Bhumi Pujan ceremony,1,1
Did a doctor hit a patient ruthlessly in Jabalpur Medical College ? Fact Check!,0,0
Fact Check: Modi's old tweet about a friend's death goes viral linking it with Maharashtra,0,0
"BJP member booked for allegedly posting objectionable tweets against Uddhav Thackeray, son",0,1
Bihar Minister Shares Photo From Hyderabad To Show Development In,0,1
"Indian mom survives Covid-19, delivers baby in UAE",1,1
'Delhi education model has made history': Arvind Kejriwal on Class 12th CBSE results,1,1
Viral Fake Videos That Were NOT From World Cup 2018,0,0
Left parties likely to have alliance with RJD for Bihar polls,1,1
Harsimrat Kaur resigns from Union Cabinet over farm Bills,1,1
Surat: Two more held in Rs 1.33 cr banned drug seizure case,1,1
"No, Shivraj Singh Chouhan Did Not Fake A Fractured Arm",0,0
Whats Rahul Gandhis birth time nurse Rajammas age? Fact check,0,0
Fact Check: Video of sword-wielding men slashing youth goes viral with communal spin,0,0
Fact Check: Co-workers prank goes viral with deadly claim,0,0
"No, this is not a video of Indian war planes striking targets in Pakistan",0,0
Video Of TMC MP Nusrat Jahan Performing Traditional Durga Puja Dance?...,0,0
"No, this video does not show supporters of Indias ruling party tearing down a statue of the countrys first law minister",0,0
Govt to modify salary structure of contractual workers under NHM,1,1
When 480 candidates contested from Nalgonda,1,1
Vaishnodevi pilgrimage to resume on Sunday after remaining suspended for 5 months,1,1
Anandiben Patel holds additional charge as acting Governor of Madhya Pradesh,1,1
"Narmada dam to see cutback in inflow: Areas of Ankleshwar flooded, 500 evacuated",1,1
Maharashtra: Sugar mills now want state govt to buy power at higher rates,1,1
CBI questions Rhea Chakraborty for first time in Sushant Singh Rajput death case,1,1
More trouble for Arnab Goswami as Mumbai Crime Branch summons top Republic TV official,1,1
Fact check- Fictitious Facebook post with unrelated picture looks for shares with emotional Covid-19 story,0,0
Viral Hoax Claims Weapons Seized From Mosques In JK,0,0
Union Finance Minister Nirmala Sitharaman today targeted Congress over party chief Sonia Gandhi's advice to party-ruled states to bypass the farm laws brought by Centre through legislative measures and said that the opposition party in its 2019 Lok Sabha manifesto had promised the Agricultural Produce Market Committees Act will be repealed.?Title,1,1
Did Pakistani cricket fans demand Virat Kohli instead of Kashmir? Fact Check!,0,0
"Trinamool Congress MLAs have lost faith in Mamata Banerjee govt, says West Bengal BJP chief",0,1
Congress woman leader beaten up by party workers for questioning decision to field 'rapist',1,1
Temple politics is playing out on Twitter Facebook with a temple that doesnt exist,0,0
Fact Check: Video showing rocket launches by Indian Army has nothing to do with PoK,0,0
Fact Check: This picture showing the plight of patients is not from Kashmir,0,0
'I can't breathe': Hyderabad man's video message to father before he dies of Coronavirus,1,0
Kerala govt recommends CBI inquiry into death of man found in well after 24 days of protests by family,1,1
Fake Poll With Unrelated BBC Link Predicts BJP Win In Karnataka,0,0
"Rajya Sabha polls for 11 seats in UP, Uttarakhand on November 9: ECI",1,1
"No, this is not a photo of Indias National Maritime Museum in Mumbai",0,0
Arms dropped for terrorists along LoC recovered by Army,1,1
Old Football Fans Vandalism Video Revived As Muslims Rioting In...,0,0
"In poll-bound Bihar, Sushant death case becomes political",1,1
Fact Check: This story about woman falling from Eiffel Tower is too good to be true,0,0
Suspected Covid positive candidates can take law exam in isolation room: Supreme Court,1,1
"HIGHLIGHTS: Will resume Covid-19 vaccine trials after DCGI nod, says Serum Institute",1,1
"No, Pressing The Cancel Button Twice On An ATM Does Not Prevent Pin...",0,0
Old Video Revived As Crowded Railway Station During COVID-19,0,0
Fact Check: Porn pics used to cook up a story about rape by Indian soldiers,0,0
Man detained for 'confining and raping' employee,1,1
President Ram Nath Kovind celebrates Raksha Bandhan with nursing professionals,1,1
"PM Modi pushes for defence manufacturing in India, says 'plan to give big role to private players'",1,1
"After labour strike and lockout, PepsiCo to close production unit in Kerala",1,1
1 dead after heavy rains in Delhi several houses washed away in sewage water,1,1
"First time in history, Railways achieves 100 punctuality",1,1
"'Not committed any crime, falsely implicated': Rhea Chakraborty contends in bail plea",1,1
Govt will consider revoking suspension of 8 MPs only after they apologise: Ravi Shankar Prasad,1,1
'Around 300 terrorists waiting in launch pads across LoC in PoK to infiltrate into India': Army,1,1
SHOCKING: Arvind Kejriwal To Reward Himself Rs 1 Crore For Martydom,0,1
"Congress President Sonia Gandhi's condition is 'stable', discharged from Sir Ganga Ram Hospital",1,1
Fake News of Coronavirus infecting Boiler Chicken.,0,0
"Arrested ISIS operative, who had plotted attack in Delhi around Aug 15, was in contact with ISKP",1,1
"Old video shared to claim Muslims lynched Hindu man, but its from Bangladesh",0,0
"'Political deadlock, instability prevailing in Rajasthan': Mayawati hits out at Ashok Gehlot, seeks President's rule",1,1
"Meticulously planned, Uma Bharti took onus: Justice Liberhan on Babri Masjid demolition",1,1
"'Natural for MLAs to be upset': Ashok Gehlot after truce reached between Sachin Pilot, Congress",1,1
UPSC declares Civil Services Exam 2019 result Pradeep Singh tops list,1,1
"Was a child abducting gang caught on NH 11 in Jaipur, Rajasthan?",0,0
Video of water-logging from sea waves in Muscat made viral as Mumbais Marine Drive,0,0
"Are there 61,945 Muslim freedom fighters names on India Gate?",0,0
HoaXposed: BJP didnt have identical margins of victory in four UP civic body polls,0,0
"ED seeks to inspect new I-T records in cases against Capt, son",1,1
"With over 42 lakh cases, India surpasses Brazil in terms of coronavirus caseloads",1,1
Navratri 2020: UP CM Yogi Adityanath takes this big decision for women safety,1,1
Fact Check: Old video from Kashmir linked to Indo-China flare-up in Ladakh,0,0
Ramesh Pokhriyal Nishank to e-inaugurate infrastructure facilities at IIT Roorkee,1,1
Fact Check: Rumours galore over who settled SPBs hospital bills,0,0
T'gana Guv bats for more tests,1,1
Climate Strike Protests Shared As Global Outrage Against Babul...,0,0
Old photos misrepresented as new images of India unemployment protests,0,0
Old Video Of Contractual Teachers In UP Threatening To Embrace Islam...,0,0
"No, this video does not show Muslims singing a Hindu song at a mosque in Dubai",0,0
Mythical bird Jatayu mentioned in Ramayan spotted in Kerala? Fact check,0,0
"'Fortunate to have affection, blessings of Lata Didi': PM Modi wishes legendary singer on her birthday",1,1
"No, Denmark Has Not Passed A Law Banning Muslims From Voting",0,0
"Mahoba businessman dies, suspended SP to face murder charge",1,1
School children liking 'online classes' but missing classroom study : Survey,1,1
"Sushant Singh Rajput case: Rhea Chakraborty, 2 family members appear before ED for questioning",1,1
Murder Of Gujarat Police Informer Shared As Dalit Killing,0,1
Multiplexes to reopen with 50 seating from Oct 15,1,1
"Rajasthan crisis: FIR against Union Minister Gajendra Singh Shekhawat, rebel Cong MLA in audio clip case",1,1
Fact Check: Men in lingerie passed off as ISIS fighters with bizarre story,0,0
Congress leaders call for use of tech for participation in Monsoon Session,1,1
High Court restricts Assembly Speaker from taking any action against Sachin Pilot camp till Tuesday,1,1
Fake WhatsApp message claiming no COVID-19 Deaths in Israel due to miraculous solution of Lemon and Bicarbonate,0,0
Indian exports to Armenia increased three-fold in past three years,1,1
"Amid border tensions with China, Indian defence forces considering 'Made in India' carbine",1,1
Janam TV Peddles Fake News Of Trupti Desai Converting To Christianity,0,1
"2 dead, 10.75 lakh people affected in 18 districts by floods in Assam",1,1
The Sunday Guardian's 'Fake News' Disclaimer And Other News You Almost ...,0,0
Fact Check: This bus accident involving Amarnath yatris is three years old,0,0
"New Delhi-Lucknow Tejas Express to operate from October 17: Know train journey guidelines, book your ticket on IRCTC",1,1
"Bid to assure: MSP up for six crops, BJP tells MPs to spread the word",1,1
Has Maharashtra Govt cancelled Conveyance Deeds? Fact Check,0,0
"No, this video is not 'breaking news' revealing electoral fraud by Indias ruling party",0,0
PM Narendra Modi to announce 3 more gifts for Bihar this Sunday,1,1
"Fact Check: No, clapping together at 5 pm during Janta curfew will not kill coronavirus",0,0
2016 Video Viral As Diwali Celebrations By The Indian Navy,0,0
"Massive fire breaks out at ONGC plant in Gujarat, no casualty reported PM Modi monitoring rescue ops",1,1
Ashok Gehlot sends fresh proposal to Rajasthan Guv on Assembly session from July 31 third in 5 days,1,1
Social activist Swami Agnivesh passes away,1,1
Fact Check: Is Bank of China opening its first branch in India amid border tensions?,0,0
Did Jashodaben Ask People Not To Vote For Modi?: A Fact Check,0,0
Mahua Moitra takes on PM CARES: 70 corpus from 38 PSU donations,1,1
"Fact Check: Rumours take venomous wings, turns butterfly into dreaded killer",0,0
"China's attempts to alter status quo will 'damage' peace along LAC, can have 'repercussions', warns India",1,1
"ISC Declares Results, AAP To Sit On Dharna For Inflated Marks",0,1
"FinMin announces Travel cash voucher, special festival advance schemes for government employees",1,1
Photo of Goa Congress Leader Falsely Shared As 'Naxal Bhabhi' In...,0,0
'BJP Govt cannot erase memory of 13 July martyrs': PDP lashes out at Centre,1,1
"'Truth must come out,' says SC on Sushant Singh case, pulls up Maharashtra govt over quarantining Bihar cop",1,1
